create_time,distance,achievement,step_count,recommendation,day_time,speed,deviceuuid,active_time,source_package_name,pkg_name,update_time,walk_step_count,binning_data,datauuid,calorie,run_step_count,source_info,healthy_step
17:35.9,485.76,76187f0e-85fd-4a27-867a-8edd66e56635.achievement.json,625,6000,1.58388E+12,2.7777774,eyB2V5o7BM,332015,com.sec.android.app.shealth,com.sec.android.app.shealth,16:25.6,611,76187f0e-85fd-4a27-867a-8edd66e56635.binning_data.json,76187f0e-85fd-4a27-867a-8edd66e56635,24.12,14,,0
27:06.8,606.1949,0191378f-49a0-4eb3-aa29-260c828ffc61.achievement.json,791,6000,1.58406E+12,1.3560842,VfS0qUERdZ,447018,com.sec.android.app.shealth,com.sec.android.app.shealth,44:29.7,763,0191378f-49a0-4eb3-aa29-260c828ffc61.binning_data.json,0191378f-49a0-4eb3-aa29-260c828ffc61,28.042313,28,0191378f-49a0-4eb3-aa29-260c828ffc61.source_info.json,0
17:35.4,500.72275,f92956f0-fead-4e68-837d-ce597d0ae2a8.achievement.json,644,6000,1.58388E+12,1.4693031,VfS0qUERdZ,340789,com.sec.android.app.shealth,com.sec.android.app.shealth,16:25.9,630,f92956f0-fead-4e68-837d-ce597d0ae2a8.binning_data.json,f92956f0-fead-4e68-837d-ce597d0ae2a8,24.781767,14,f92956f0-fead-4e68-837d-ce597d0ae2a8.source_info.json,0
40:19.8,640.3,d78ea553-4abe-43d3-bf0b-5f05ae277fe0.achievement.json,851,6000,1.58432E+12,2.4722226,eyB2V5o7BM,476894,com.sec.android.app.shealth,com.sec.android.app.shealth,40:19.8,850,d78ea553-4abe-43d3-bf0b-5f05ae277fe0.binning_data.json,d78ea553-4abe-43d3-bf0b-5f05ae277fe0,30.42,1,,0
43:58.9,1065.64,0a1558b2-32d2-487d-be02-283c17dfbd7e.achievement.json,1377,6000,1.58458E+12,2.75,eyB2V5o7BM,720661,com.sec.android.app.shealth,com.sec.android.app.shealth,48:25.8,1356,0a1558b2-32d2-487d-be02-283c17dfbd7e.binning_data.json,0a1558b2-32d2-487d-be02-283c17dfbd7e,50.16,21,,0
40:28.0,5.2969055,891cf781-19d0-47c3-9098-1f6d30ca6143.achievement.json,7,6000,1.58466E+12,1.5604702,7n2EPhZRXI,3394,com.sec.android.app.shealth,com.sec.android.app.shealth,40:28.0,7,891cf781-19d0-47c3-9098-1f6d30ca6143.binning_data.json,891cf781-19d0-47c3-9098-1f6d30ca6143,0.23733458,0,,0
27:06.4,561.52,f63ee622-a2ce-4205-b519-fd11217966fd.achievement.json,738,6000,1.58406E+12,2.6111114,eyB2V5o7BM,421334,com.sec.android.app.shealth,com.sec.android.app.shealth,44:19.1,710,f63ee622-a2ce-4205-b519-fd11217966fd.binning_data.json,f63ee622-a2ce-4205-b519-fd11217966fd,26.13,28,,0
40:19.8,1171.64,38e4506a-487e-431e-9cf2-fea341640207.achievement.json,1539,6000,1.58423E+12,2.9444442,eyB2V5o7BM,852347,com.sec.android.app.shealth,com.sec.android.app.shealth,40:19.8,1510,38e4506a-487e-431e-9cf2-fea341640207.binning_data.json,38e4506a-487e-431e-9cf2-fea341640207,58.14,29,,0
41:02.0,11.97,37f76175-b4bd-4d68-8fef-dea089dc1095.achievement.json,16,6000,1.58475E+12,1.3333333,VfS0qUERdZ,8977,com.sec.android.app.shealth,com.sec.android.app.shealth,41:02.0,16,37f76175-b4bd-4d68-8fef-dea089dc1095.binning_data.json,37f76175-b4bd-4d68-8fef-dea089dc1095,0.58,0,37f76175-b4bd-4d68-8fef-dea089dc1095.source_info.json,0
22:48.6,2485.65,73c94479-34b8-4bfa-88c5-dd9e0fbf2d38.achievement.json,3226,6000,1.58959E+12,3.3055556,eyB2V5o7BM,1703843,com.sec.android.app.shealth,com.sec.android.app.shealth,22:48.6,3147,73c94479-34b8-4bfa-88c5-dd9e0fbf2d38.binning_data.json,73c94479-34b8-4bfa-88c5-dd9e0fbf2d38,119.41,79,,0
43:58.9,1991.231,fe8cf237-e42c-4274-81d7-8c0c094cf1ce.achievement.json,2663,6000,1.58449E+12,4.0555553,eyB2V5o7BM,1431168,com.sec.android.app.shealth,com.sec.android.app.shealth,43:58.9,2660,fe8cf237-e42c-4274-81d7-8c0c094cf1ce.binning_data.json,fe8cf237-e42c-4274-81d7-8c0c094cf1ce,95.36,3,,0
30:00.5,14.962742,68a8b8ba-7c7c-43de-8906-c1fff9ad830c.achievement.json,19,6000,1.58388E+12,1.707973,7n2EPhZRXI,8760,com.sec.android.app.shealth,com.sec.android.app.shealth,30:00.5,19,68a8b8ba-7c7c-43de-8906-c1fff9ad830c.binning_data.json,68a8b8ba-7c7c-43de-8906-c1fff9ad830c,0.6617671,0,,0
40:42.7,2807.7068,2f5d0296-c487-4e4e-8cee-27b93606aa41.achievement.json,3697,6000,1.58967E+12,1.3304127,VfS0qUERdZ,2110402,com.sec.android.app.shealth,com.sec.android.app.shealth,16:07.8,3679,2f5d0296-c487-4e4e-8cee-27b93606aa41.binning_data.json,2f5d0296-c487-4e4e-8cee-27b93606aa41,123.60428,18,2f5d0296-c487-4e4e-8cee-27b93606aa41.source_info.json,0
43:08.2,44.674908,fcbd9a84-e407-4ddf-927a-b03c6cfee598.achievement.json,53,6000,1.58406E+12,3.2413566,7n2EPhZRXI,25661,com.sec.android.app.shealth,com.sec.android.app.shealth,43:08.2,53,fcbd9a84-e407-4ddf-927a-b03c6cfee598.binning_data.json,fcbd9a84-e407-4ddf-927a-b03c6cfee598,1.9123129,0,,0
09:37.4,599.17,a76198fd-e2b1-4354-98c1-8e404e3f5051.achievement.json,765,6000,1.58993E+12,2.5833333,eyB2V5o7BM,411948,com.sec.android.app.shealth,com.sec.android.app.shealth,09:37.4,755,a76198fd-e2b1-4354-98c1-8e404e3f5051.binning_data.json,a76198fd-e2b1-4354-98c1-8e404e3f5051,28.13,10,,0
40:19.9,1741.7,78786975-04fa-4aaf-a75b-6efbeaf47158.achievement.json,2331,6000,1.5844E+12,4.3333335,eyB2V5o7BM,1249951,com.sec.android.app.shealth,com.sec.android.app.shealth,43:58.9,2322,78786975-04fa-4aaf-a75b-6efbeaf47158.binning_data.json,78786975-04fa-4aaf-a75b-6efbeaf47158,84.8,9,,0
48:26.0,1176.356,97391c4c-2d47-439e-b041-f3b2b95a6e33.achievement.json,1523,6000,1.58466E+12,1.4554096,VfS0qUERdZ,808264,com.sec.android.app.shealth,com.sec.android.app.shealth,15:39.7,1518,97391c4c-2d47-439e-b041-f3b2b95a6e33.binning_data.json,97391c4c-2d47-439e-b041-f3b2b95a6e33,53.617336,5,97391c4c-2d47-439e-b041-f3b2b95a6e33.source_info.json,0
09:37.6,1136.909,97e995f8-5ac4-4653-aa2e-37c3d8e02db0.achievement.json,1479,6000,1.59019E+12,2.3333333,eyB2V5o7BM,800641,com.sec.android.app.shealth,com.sec.android.app.shealth,09:37.6,1463,97e995f8-5ac4-4653-aa2e-37c3d8e02db0.binning_data.json,97e995f8-5ac4-4653-aa2e-37c3d8e02db0,51.77,16,,0
43:59.1,1096.1764,7c9f38bd-32bd-4b97-a9c0-91cf129372d4.achievement.json,1414,6000,1.58458E+12,1.4818366,VfS0qUERdZ,739741,com.sec.android.app.shealth,com.sec.android.app.shealth,48:26.3,1393,7c9f38bd-32bd-4b97-a9c0-91cf129372d4.binning_data.json,7c9f38bd-32bd-4b97-a9c0-91cf129372d4,51.48568,21,7c9f38bd-32bd-4b97-a9c0-91cf129372d4.source_info.json,0
09:37.7,222.18,d6d88e13-e667-4f86-b193-4502effbc3a4.achievement.json,286,6000,1.59011E+12,1.4848176,VfS0qUERdZ,149634,com.sec.android.app.shealth,com.sec.android.app.shealth,09:37.7,255,d6d88e13-e667-4f86-b193-4502effbc3a4.binning_data.json,d6d88e13-e667-4f86-b193-4502effbc3a4,10.9,31,d6d88e13-e667-4f86-b193-4502effbc3a4.source_info.json,0
40:51.8,913.48,1019f1ed-9b3e-4ebd-a52d-2433cd8ddf91.achievement.json,1178,6000,1.58501E+12,1.4720705,VfS0qUERdZ,620540,com.sec.android.app.shealth,com.sec.android.app.shealth,45:57.1,1157,1019f1ed-9b3e-4ebd-a52d-2433cd8ddf91.binning_data.json,1019f1ed-9b3e-4ebd-a52d-2433cd8ddf91,42.89,21,1019f1ed-9b3e-4ebd-a52d-2433cd8ddf91.source_info.json,0
40:51.7,11.97,2cda33f4-bfb9-410c-96c1-6b494bbbb97f.achievement.json,16,6000,1.58475E+12,1.3333333,eyB2V5o7BM,8977,com.sec.android.app.shealth,com.sec.android.app.shealth,40:51.7,16,2cda33f4-bfb9-410c-96c1-6b494bbbb97f.binning_data.json,2cda33f4-bfb9-410c-96c1-6b494bbbb97f,0.58,0,,0
17:42.1,5127.613,6f79f59a-b7e6-459e-8594-1f76eb0564b4.achievement.json,6554,6000,1.58397E+12,1.452347,VfS0qUERdZ,3530569,com.sec.android.app.shealth,com.sec.android.app.shealth,27:06.9,6458,6f79f59a-b7e6-459e-8594-1f76eb0564b4.binning_data.json,6f79f59a-b7e6-459e-8594-1f76eb0564b4,226.48578,96,6f79f59a-b7e6-459e-8594-1f76eb0564b4.source_info.json,0
23:22.4,550.208,1879a75f-1efb-4844-8f0f-82213c49f1b3.achievement.json,708,6000,1.59071E+12,1.4880362,VfS0qUERdZ,369754,com.sec.android.app.shealth,com.sec.android.app.shealth,01:47.0,693,1879a75f-1efb-4844-8f0f-82213c49f1b3.binning_data.json,1879a75f-1efb-4844-8f0f-82213c49f1b3,26.039366,15,1879a75f-1efb-4844-8f0f-82213c49f1b3.source_info.json,0
01:47.0,1079.8,8a82a720-5478-47bc-abfc-de07db412236.achievement.json,1393,6000,1.5908E+12,3.497204,eyB2V5o7BM,744704,com.sec.android.app.shealth,com.sec.android.app.shealth,51:08.8,1363,8a82a720-5478-47bc-abfc-de07db412236.binning_data.json,8a82a720-5478-47bc-abfc-de07db412236,48.78,30,,0
41:02.0,1107.17,23a4fee4-dc26-4646-8712-8b573acd7bb7.achievement.json,1449,6000,1.58484E+12,1.400008,VfS0qUERdZ,790831,com.sec.android.app.shealth,com.sec.android.app.shealth,41:02.0,1434,23a4fee4-dc26-4646-8712-8b573acd7bb7.binning_data.json,23a4fee4-dc26-4646-8712-8b573acd7bb7,53.41,15,23a4fee4-dc26-4646-8712-8b573acd7bb7.source_info.json,0
44:19.1,285.33,4ca51277-c8ad-4780-87d7-1b79fab0bd28.achievement.json,373,6000,1.58414E+12,2.2222223,eyB2V5o7BM,201688,com.sec.android.app.shealth,com.sec.android.app.shealth,29:53.8,366,4ca51277-c8ad-4780-87d7-1b79fab0bd28.binning_data.json,4ca51277-c8ad-4780-87d7-1b79fab0bd28,12.65,7,,0
33:57.3,390.931,ec61c64d-5c76-49ec-a0ce-602042b53d7a.achievement.json,488,6000,1.59114E+12,3.344545,eyB2V5o7BM,260780,com.sec.android.app.shealth,com.sec.android.app.shealth,33:57.3,463,ec61c64d-5c76-49ec-a0ce-602042b53d7a.binning_data.json,ec61c64d-5c76-49ec-a0ce-602042b53d7a,18.82,25,,0
22:48.4,144.81,c9d0de67-0f02-4b25-931f-e27d73eff7ed.achievement.json,188,6000,1.58812E+12,2.2222223,eyB2V5o7BM,101841,com.sec.android.app.shealth,com.sec.android.app.shealth,22:48.4,187,c9d0de67-0f02-4b25-931f-e27d73eff7ed.binning_data.json,c9d0de67-0f02-4b25-931f-e27d73eff7ed,7.5,1,,0
22:48.7,2485.65,5fc9b490-5815-4b49-9f28-5b131bc05f45.achievement.json,3226,6000,1.58959E+12,1.4588085,VfS0qUERdZ,1703890,com.sec.android.app.shealth,com.sec.android.app.shealth,22:48.7,3147,5fc9b490-5815-4b49-9f28-5b131bc05f45.binning_data.json,5fc9b490-5815-4b49-9f28-5b131bc05f45,119.41,79,5fc9b490-5815-4b49-9f28-5b131bc05f45.source_info.json,0
40:20.0,1741.7,698bae92-bd79-4222-8bde-0ea7414ffa4a.achievement.json,2331,6000,1.5844E+12,1.3933756,VfS0qUERdZ,1249985,com.sec.android.app.shealth,com.sec.android.app.shealth,43:59.3,2322,698bae92-bd79-4222-8bde-0ea7414ffa4a.binning_data.json,698bae92-bd79-4222-8bde-0ea7414ffa4a,84.8,9,698bae92-bd79-4222-8bde-0ea7414ffa4a.source_info.json,0
33:57.6,1581.429,3c69d586-d600-4f06-888d-ab791ef8de53.achievement.json,2077,6000,1.59106E+12,1.3447771,VfS0qUERdZ,1175978,com.sec.android.app.shealth,com.sec.android.app.shealth,33:57.6,2061,3c69d586-d600-4f06-888d-ab791ef8de53.binning_data.json,3c69d586-d600-4f06-888d-ab791ef8de53,71.24,16,3c69d586-d600-4f06-888d-ab791ef8de53.source_info.json,0
15:35.6,6.267844,d9625dfa-e8f0-4906-a6d9-2ee63b21ed37.achievement.json,8,6000,1.58967E+12,1.7155511,7n2EPhZRXI,3653,com.sec.android.app.shealth,com.sec.android.app.shealth,15:35.6,8,d9625dfa-e8f0-4906-a6d9-2ee63b21ed37.binning_data.json,d9625dfa-e8f0-4906-a6d9-2ee63b21ed37,0.26428038,0,,0
01:52.6,4701.221,3a6daa37-04e8-4e34-bc02-4c7a4b81555e.achievement.json,6152,6000,1.58397E+12,5.4166665,eyB2V5o7BM,3388138,com.sec.android.app.shealth,com.sec.android.app.shealth,27:06.5,6066,3a6daa37-04e8-4e34-bc02-4c7a4b81555e.binning_data.json,3a6daa37-04e8-4e34-bc02-4c7a4b81555e,211.49,86,,0
43:59.3,1991.231,727d68a7-7e9e-434b-891f-4ab8d1df1d15.achievement.json,2663,6000,1.58449E+12,1.3913001,VfS0qUERdZ,1431201,com.sec.android.app.shealth,com.sec.android.app.shealth,43:59.3,2660,727d68a7-7e9e-434b-891f-4ab8d1df1d15.binning_data.json,727d68a7-7e9e-434b-891f-4ab8d1df1d15,95.36,3,727d68a7-7e9e-434b-891f-4ab8d1df1d15.source_info.json,0
00:59.6,1219.4453,691280f9-0837-4d7e-821a-73e5095bbb4e.achievement.json,1542,6000,1.59157E+12,1.4947268,VfS0qUERdZ,815831,com.sec.android.app.shealth,com.sec.android.app.shealth,30:00.7,1505,691280f9-0837-4d7e-821a-73e5095bbb4e.binning_data.json,691280f9-0837-4d7e-821a-73e5095bbb4e,53.951527,37,691280f9-0837-4d7e-821a-73e5095bbb4e.source_info.json,0
40:42.6,2801.439,623f2886-f948-43b1-b293-3df9bb4d5c03.achievement.json,3689,6000,1.58967E+12,2.5277774,eyB2V5o7BM,2106682,com.sec.android.app.shealth,com.sec.android.app.shealth,16:07.7,3671,623f2886-f948-43b1-b293-3df9bb4d5c03.binning_data.json,623f2886-f948-43b1-b293-3df9bb4d5c03,123.34,18,,0
09:37.4,576.76,9b97b536-dff1-4b29-b889-ebc18bc60650.achievement.json,719,6000,1.58985E+12,6.222223,eyB2V5o7BM,391495,com.sec.android.app.shealth,com.sec.android.app.shealth,09:37.4,697,9b97b536-dff1-4b29-b889-ebc18bc60650.binning_data.json,9b97b536-dff1-4b29-b889-ebc18bc60650,26.17,22,,0
44:29.5,340.1587,e5b08132-a441-482a-8025-480a40372efe.achievement.json,441,6000,1.58414E+12,1.4345278,VfS0qUERdZ,237122,com.sec.android.app.shealth,com.sec.android.app.shealth,13:28.8,434,e5b08132-a441-482a-8025-480a40372efe.binning_data.json,e5b08132-a441-482a-8025-480a40372efe,14.9288845,7,e5b08132-a441-482a-8025-480a40372efe.source_info.json,0
30:02.9,869.4982,bd2547c2-20be-4151-9c3b-e48284f1e151.achievement.json,1114,6000,1.59175E+12,2.9322984,eyB2V5o7BM,663222,com.sec.android.app.shealth,com.sec.android.app.shealth,09:38.7,1085,bd2547c2-20be-4151-9c3b-e48284f1e151.binning_data.json,bd2547c2-20be-4151-9c3b-e48284f1e151,40.44029,29,,0
40:51.7,1107.17,08d31695-3f7a-478d-b9ef-62ca1a271a5b.achievement.json,1449,6000,1.58484E+12,2.7222223,eyB2V5o7BM,790805,com.sec.android.app.shealth,com.sec.android.app.shealth,40:51.7,1434,08d31695-3f7a-478d-b9ef-62ca1a271a5b.binning_data.json,08d31695-3f7a-478d-b9ef-62ca1a271a5b,53.41,15,,0
09:37.6,399.421,262a089f-0e72-456d-bd28-5e29f129fe62.achievement.json,523,6000,1.59036E+12,1.8055556,eyB2V5o7BM,300199,com.sec.android.app.shealth,com.sec.android.app.shealth,09:37.6,522,262a089f-0e72-456d-bd28-5e29f129fe62.binning_data.json,262a089f-0e72-456d-bd28-5e29f129fe62,18.92,1,,0
09:38.7,150.472,bc838e7c-c655-495c-9eec-af3ce7a2f8b9.achievement.json,197,6000,1.59201E+12,1.9444443,eyB2V5o7BM,107063,com.sec.android.app.shealth,com.sec.android.app.shealth,09:38.7,197,bc838e7c-c655-495c-9eec-af3ce7a2f8b9.binning_data.json,bc838e7c-c655-495c-9eec-af3ce7a2f8b9,6.18,0,,0
40:20.2,1171.64,1fbc49b3-5b64-42be-a94c-ed40dd9611be.achievement.json,1539,6000,1.58423E+12,1.3745518,VfS0qUERdZ,852379,com.sec.android.app.shealth,com.sec.android.app.shealth,40:20.2,1510,1fbc49b3-5b64-42be-a94c-ed40dd9611be.binning_data.json,1fbc49b3-5b64-42be-a94c-ed40dd9611be,58.14,29,1fbc49b3-5b64-42be-a94c-ed40dd9611be.source_info.json,0
41:02.0,471.13,a5444bf3-1a1b-4d8a-b167-9c52090a3a10.achievement.json,614,6000,1.58492E+12,1.3999627,VfS0qUERdZ,336530,com.sec.android.app.shealth,com.sec.android.app.shealth,41:02.0,604,a5444bf3-1a1b-4d8a-b167-9c52090a3a10.binning_data.json,a5444bf3-1a1b-4d8a-b167-9c52090a3a10,22.26,10,a5444bf3-1a1b-4d8a-b167-9c52090a3a10.source_info.json,0
09:37.4,232.389,abb26517-6e06-4fbf-8929-7c4b7df88aac.achievement.json,306,6000,1.59028E+12,1.327035,VfS0qUERdZ,175118,com.sec.android.app.shealth,com.sec.android.app.shealth,09:37.4,299,abb26517-6e06-4fbf-8929-7c4b7df88aac.binning_data.json,abb26517-6e06-4fbf-8929-7c4b7df88aac,10.87,7,abb26517-6e06-4fbf-8929-7c4b7df88aac.source_info.json,0
28:15.8,1843.789,20729bda-8b5a-45d7-9703-f38a67353f6f.achievement.json,2411,6000,1.59227E+12,2.8055553,eyB2V5o7BM,1350758,com.sec.android.app.shealth,com.sec.android.app.shealth,52:51.4,2377,20729bda-8b5a-45d7-9703-f38a67353f6f.binning_data.json,20729bda-8b5a-45d7-9703-f38a67353f6f,82.68,34,,0
09:37.8,599.17,07400742-b449-49b5-aa27-b0bfc101398a.achievement.json,765,6000,1.58993E+12,1.454382,VfS0qUERdZ,411975,com.sec.android.app.shealth,com.sec.android.app.shealth,09:37.8,755,07400742-b449-49b5-aa27-b0bfc101398a.binning_data.json,07400742-b449-49b5-aa27-b0bfc101398a,28.13,10,07400742-b449-49b5-aa27-b0bfc101398a.source_info.json,0
48:04.7,30.53638,edd7e473-b3ff-4106-b035-6ae72d0cb903.achievement.json,37,6000,1.58458E+12,1.6876311,7n2EPhZRXI,19057,com.sec.android.app.shealth,com.sec.android.app.shealth,48:04.7,37,edd7e473-b3ff-4106-b035-6ae72d0cb903.binning_data.json,edd7e473-b3ff-4106-b035-6ae72d0cb903,1.3256786,0,,0
30:01.3,291.0341,2ccb2372-9343-47e5-ad12-d2db1da11507.achievement.json,372,6000,1.59235E+12,2.5485806,7n2EPhZRXI,203384,com.sec.android.app.shealth,com.sec.android.app.shealth,30:01.3,372,2ccb2372-9343-47e5-ad12-d2db1da11507.binning_data.json,2ccb2372-9343-47e5-ad12-d2db1da11507,12.348706,0,,0
22:49.1,144.81,5eb15963-d31e-4d1e-9a34-f653bb6e06d0.achievement.json,188,6000,1.58812E+12,1.4218395,VfS0qUERdZ,101846,com.sec.android.app.shealth,com.sec.android.app.shealth,22:49.1,187,5eb15963-d31e-4d1e-9a34-f653bb6e06d0.binning_data.json,5eb15963-d31e-4d1e-9a34-f653bb6e06d0,7.5,1,5eb15963-d31e-4d1e-9a34-f653bb6e06d0.source_info.json,0
23:22.7,771.141,140610e9-7983-48a3-9a14-a162908f4920.achievement.json,992,6000,1.59062E+12,1.4525149,VfS0qUERdZ,530900,com.sec.android.app.shealth,com.sec.android.app.shealth,23:22.7,979,140610e9-7983-48a3-9a14-a162908f4920.binning_data.json,140610e9-7983-48a3-9a14-a162908f4920,34.57,13,140610e9-7983-48a3-9a14-a162908f4920.source_info.json,0
40:51.7,913.48,f363dfc8-7b81-4f3f-9abc-35189ffde90b.achievement.json,1178,6000,1.58501E+12,3.5,eyB2V5o7BM,620514,com.sec.android.app.shealth,com.sec.android.app.shealth,45:56.9,1157,f363dfc8-7b81-4f3f-9abc-35189ffde90b.binning_data.json,f363dfc8-7b81-4f3f-9abc-35189ffde90b,42.89,21,,0
05:49.0,367.3309,dc787664-bb7a-4784-bafc-b80f427ccdbb.achievement.json,462,6000,1.59252E+12,2.0329006,7n2EPhZRXI,247618,com.sec.android.app.shealth,com.sec.android.app.shealth,05:49.0,460,dc787664-bb7a-4784-bafc-b80f427ccdbb.binning_data.json,dc787664-bb7a-4784-bafc-b80f427ccdbb,15.566525,2,,0
26:59.7,3007.9844,d646a6ea-b01c-4436-99ba-9876a3d7aae7.achievement.json,3815,6000,1.58397E+12,4.2236295,7n2EPhZRXI,1984429,com.sec.android.app.shealth,com.sec.android.app.shealth,26:59.7,3805,d646a6ea-b01c-4436-99ba-9876a3d7aae7.binning_data.json,d646a6ea-b01c-4436-99ba-9876a3d7aae7,128.00517,10,,0
50:32.7,350.4594,469d5a10-459c-4872-8f30-d4f9c9dbadce.achievement.json,417,6000,1.5908E+12,6.9444447,7n2EPhZRXI,212632,com.sec.android.app.shealth,com.sec.android.app.shealth,50:32.7,416,469d5a10-459c-4872-8f30-d4f9c9dbadce.binning_data.json,469d5a10-459c-4872-8f30-d4f9c9dbadce,15.464001,1,,0
22:48.2,111.11,f6e3c043-eec3-4958-aed2-ba89a35c8e27.achievement.json,130,6000,1.5876E+12,2.9166667,eyB2V5o7BM,64937,com.sec.android.app.shealth,com.sec.android.app.shealth,22:48.2,112,f6e3c043-eec3-4958-aed2-ba89a35c8e27.binning_data.json,f6e3c043-eec3-4958-aed2-ba89a35c8e27,6.61,18,,0
09:37.5,399.421,fd08aeef-14aa-4a80-8b85-151b00c3e66d.achievement.json,523,6000,1.59036E+12,1.3304621,VfS0qUERdZ,300212,com.sec.android.app.shealth,com.sec.android.app.shealth,09:37.5,522,fd08aeef-14aa-4a80-8b85-151b00c3e66d.binning_data.json,fd08aeef-14aa-4a80-8b85-151b00c3e66d,18.92,1,fd08aeef-14aa-4a80-8b85-151b00c3e66d.source_info.json,0
16:07.6,538.34753,4eae59ef-2dab-461f-81cd-669f46bc7ad2.achievement.json,687,6000,1.58976E+12,1.4720161,VfS0qUERdZ,365721,com.sec.android.app.shealth,com.sec.android.app.shealth,09:38.0,662,4eae59ef-2dab-461f-81cd-669f46bc7ad2.binning_data.json,4eae59ef-2dab-461f-81cd-669f46bc7ad2,25.042553,25,4eae59ef-2dab-461f-81cd-669f46bc7ad2.source_info.json,0
40:00.1,62.258705,e8016a1c-3baf-4a22-8277-8b2c1329c8f5.achievement.json,78,6000,1.58414E+12,1.7804114,7n2EPhZRXI,41237,com.sec.android.app.shealth,com.sec.android.app.shealth,40:00.1,78,e8016a1c-3baf-4a22-8277-8b2c1329c8f5.binning_data.json,e8016a1c-3baf-4a22-8277-8b2c1329c8f5,2.608884,0,,0
33:57.4,1181.697,fc93b7ce-2d08-4cc0-835c-08fda9a70040.achievement.json,1537,6000,1.59123E+12,2.1111112,eyB2V5o7BM,838400,com.sec.android.app.shealth,com.sec.android.app.shealth,33:57.4,1512,fc93b7ce-2d08-4cc0-835c-08fda9a70040.binning_data.json,fc93b7ce-2d08-4cc0-835c-08fda9a70040,52.02,25,,0
22:49.3,111.11,cf47ca92-6423-4244-8121-452ef168960f.achievement.json,130,6000,1.5876E+12,1.7109149,VfS0qUERdZ,64941,com.sec.android.app.shealth,com.sec.android.app.shealth,22:49.3,112,cf47ca92-6423-4244-8121-452ef168960f.binning_data.json,cf47ca92-6423-4244-8121-452ef168960f,6.61,18,cf47ca92-6423-4244-8121-452ef168960f.source_info.json,0
09:37.4,407.739,ccb98ddc-471a-4bbe-9915-afa98d8f4dac.achievement.json,532,6000,1.59045E+12,1.3565094,VfS0qUERdZ,300579,com.sec.android.app.shealth,com.sec.android.app.shealth,09:37.4,519,ccb98ddc-471a-4bbe-9915-afa98d8f4dac.binning_data.json,ccb98ddc-471a-4bbe-9915-afa98d8f4dac,19.21,13,ccb98ddc-471a-4bbe-9915-afa98d8f4dac.source_info.json,0
40:20.2,640.3,f53bdb8e-1a93-4446-bdd9-cc9b8f469bab.achievement.json,851,6000,1.58432E+12,1.3425821,VfS0qUERdZ,476916,com.sec.android.app.shealth,com.sec.android.app.shealth,40:20.2,850,f53bdb8e-1a93-4446-bdd9-cc9b8f469bab.binning_data.json,f53bdb8e-1a93-4446-bdd9-cc9b8f469bab,30.42,1,f53bdb8e-1a93-4446-bdd9-cc9b8f469bab.source_info.json,0
16:07.7,526.93,55d51e7e-09c8-4d28-961f-31efcb5adf51.achievement.json,672,6000,1.58976E+12,3.9722219,eyB2V5o7BM,357469,com.sec.android.app.shealth,com.sec.android.app.shealth,09:37.3,647,55d51e7e-09c8-4d28-961f-31efcb5adf51.binning_data.json,55d51e7e-09c8-4d28-961f-31efcb5adf51,24.54,25,,0
09:37.6,232.389,fb9152de-bcee-4f4c-870a-2d5524b16fd1.achievement.json,306,6000,1.59028E+12,2.0473876,eyB2V5o7BM,175112,com.sec.android.app.shealth,com.sec.android.app.shealth,09:37.6,299,fb9152de-bcee-4f4c-870a-2d5524b16fd1.binning_data.json,fb9152de-bcee-4f4c-870a-2d5524b16fd1,10.87,7,,0
33:57.7,1446.959,d0991492-ff6a-41f7-8c9d-1c1de8576aa3.achievement.json,1865,6000,1.59097E+12,1.441036,VfS0qUERdZ,1004110,com.sec.android.app.shealth,com.sec.android.app.shealth,33:57.7,1807,d0991492-ff6a-41f7-8c9d-1c1de8576aa3.binning_data.json,d0991492-ff6a-41f7-8c9d-1c1de8576aa3,66.81,58,d0991492-ff6a-41f7-8c9d-1c1de8576aa3.source_info.json,0
09:37.7,540.299,52b4043f-6f2c-40da-9315-3d97c918a009.achievement.json,667,6000,1.59002E+12,1.5517001,VfS0qUERdZ,348198,com.sec.android.app.shealth,com.sec.android.app.shealth,09:37.7,639,52b4043f-6f2c-40da-9315-3d97c918a009.binning_data.json,52b4043f-6f2c-40da-9315-3d97c918a009,25.09,28,52b4043f-6f2c-40da-9315-3d97c918a009.source_info.json,0
48:25.8,1171.059,42fdb001-b486-40c4-a656-234441d87b6b.achievement.json,1516,6000,1.58466E+12,2.4722226,eyB2V5o7BM,804848,com.sec.android.app.shealth,com.sec.android.app.shealth,48:25.8,1511,42fdb001-b486-40c4-a656-234441d87b6b.binning_data.json,42fdb001-b486-40c4-a656-234441d87b6b,53.38,5,,0
55:02.2,1103.139,71c416fb-575f-4a7f-85c3-2f2d29cb2cca.achievement.json,1411,6000,1.59157E+12,3.0186222,eyB2V5o7BM,754516,com.sec.android.app.shealth,com.sec.android.app.shealth,30:00.8,1376,71c416fb-575f-4a7f-85c3-2f2d29cb2cca.binning_data.json,71c416fb-575f-4a7f-85c3-2f2d29cb2cca,49.06,35,,0
09:37.4,540.299,230e0f2c-cfca-497a-a4a7-3ebe7d817666.achievement.json,667,6000,1.59002E+12,6.9444447,eyB2V5o7BM,348175,com.sec.android.app.shealth,com.sec.android.app.shealth,09:37.4,639,230e0f2c-cfca-497a-a4a7-3ebe7d817666.binning_data.json,230e0f2c-cfca-497a-a4a7-3ebe7d817666,25.09,28,,0
09:37.9,576.76,353e461e-cc75-44da-b7ef-76e3a14f5618.achievement.json,719,6000,1.58985E+12,1.4731474,VfS0qUERdZ,391515,com.sec.android.app.shealth,com.sec.android.app.shealth,09:37.9,697,353e461e-cc75-44da-b7ef-76e3a14f5618.binning_data.json,353e461e-cc75-44da-b7ef-76e3a14f5618,26.17,22,353e461e-cc75-44da-b7ef-76e3a14f5618.source_info.json,0
40:51.7,471.13,211e9c94-f8b3-4143-bae5-79109b8b5670.achievement.json,614,6000,1.58492E+12,3.083333,eyB2V5o7BM,336515,com.sec.android.app.shealth,com.sec.android.app.shealth,40:51.7,604,211e9c94-f8b3-4143-bae5-79109b8b5670.binning_data.json,211e9c94-f8b3-4143-bae5-79109b8b5670,22.26,10,,0
22:48.2,202.42,dae217e4-8496-4adb-b1c7-e4bbe6be0e6c.achievement.json,266,6000,1.58743E+12,2.4862888,eyB2V5o7BM,151763,com.sec.android.app.shealth,com.sec.android.app.shealth,22:48.2,261,dae217e4-8496-4adb-b1c7-e4bbe6be0e6c.binning_data.json,dae217e4-8496-4adb-b1c7-e4bbe6be0e6c,9.93,5,,0
23:22.9,507.229,89db79ed-2b07-4f5a-a619-4ad75d963b18.achievement.json,652,6000,1.59071E+12,3.166667,eyB2V5o7BM,334587,com.sec.android.app.shealth,com.sec.android.app.shealth,01:46.9,637,89db79ed-2b07-4f5a-a619-4ad75d963b18.binning_data.json,89db79ed-2b07-4f5a-a619-4ad75d963b18,24.16,15,,0
23:17.4,12.158671,1273c746-7f95-4372-81b0-c15f52633841.achievement.json,15,6000,1.59054E+12,2.0220914,7n2EPhZRXI,6545,com.sec.android.app.shealth,com.sec.android.app.shealth,23:17.4,15,1273c746-7f95-4372-81b0-c15f52633841.binning_data.json,1273c746-7f95-4372-81b0-c15f52633841,0.49297422,0,,0
09:37.6,1136.909,6970825b-3730-4ed3-9513-1a09ea25f733.achievement.json,1479,6000,1.59019E+12,1.4199376,VfS0qUERdZ,800675,com.sec.android.app.shealth,com.sec.android.app.shealth,09:37.6,1463,6970825b-3730-4ed3-9513-1a09ea25f733.binning_data.json,6970825b-3730-4ed3-9513-1a09ea25f733,51.77,16,6970825b-3730-4ed3-9513-1a09ea25f733.source_info.json,0
09:16.0,396.47333,7b0b76a1-a00e-42c7-88fc-8d96b5cd5619.achievement.json,470,6000,1.59175E+12,2.8472679,7n2EPhZRXI,231665,com.sec.android.app.shealth,com.sec.android.app.shealth,09:16.0,460,7b0b76a1-a00e-42c7-88fc-8d96b5cd5619.binning_data.json,7b0b76a1-a00e-42c7-88fc-8d96b5cd5619,17.326284,10,,0
22:49.3,202.42,f788f643-c5a0-48b9-b139-0aff91ad8858.achievement.json,266,6000,1.58743E+12,1.3337302,VfS0qUERdZ,151769,com.sec.android.app.shealth,com.sec.android.app.shealth,22:49.3,261,f788f643-c5a0-48b9-b139-0aff91ad8858.binning_data.json,f788f643-c5a0-48b9-b139-0aff91ad8858,9.93,5,f788f643-c5a0-48b9-b139-0aff91ad8858.source_info.json,0
51:08.7,1027.422,692350db-57d8-4530-bc7f-b081c09bbeeb.achievement.json,1313,6000,1.59088E+12,1.4361097,VfS0qUERdZ,715420,com.sec.android.app.shealth,com.sec.android.app.shealth,51:08.7,1303,692350db-57d8-4530-bc7f-b081c09bbeeb.binning_data.json,692350db-57d8-4530-bc7f-b081c09bbeeb,45.05,10,692350db-57d8-4530-bc7f-b081c09bbeeb.source_info.json,0
43:47.9,578.1197,6ca5b656-4b7b-472a-97e5-1e88540d0343.achievement.json,757,6000,1.59054E+12,1.3584743,VfS0qUERdZ,425565,com.sec.android.app.shealth,com.sec.android.app.shealth,23:22.7,749,6ca5b656-4b7b-472a-97e5-1e88540d0343.binning_data.json,6ca5b656-4b7b-472a-97e5-1e88540d0343,27.112974,8,6ca5b656-4b7b-472a-97e5-1e88540d0343.source_info.json,0
31:55.4,11.417559,a3598bb7-df27-4998-a4db-0fc39587221e.achievement.json,15,6000,1.58976E+12,1.682869,7n2EPhZRXI,8233,com.sec.android.app.shealth,com.sec.android.app.shealth,31:55.4,15,a3598bb7-df27-4998-a4db-0fc39587221e.binning_data.json,a3598bb7-df27-4998-a4db-0fc39587221e,0.50255203,0,,0
09:38.7,1721.507,b890fb62-bb6e-44ee-8011-3efdc175a698.achievement.json,2237,6000,1.59192E+12,3.1077268,eyB2V5o7BM,1220967,com.sec.android.app.shealth,com.sec.android.app.shealth,09:38.7,2194,b890fb62-bb6e-44ee-8011-3efdc175a698.binning_data.json,b890fb62-bb6e-44ee-8011-3efdc175a698,77.6,43,,0
33:57.4,752.742,f695d022-74e9-4f43-9578-5b5112609890.achievement.json,976,6000,1.59132E+12,2.5555558,eyB2V5o7BM,536148,com.sec.android.app.shealth,com.sec.android.app.shealth,27:28.7,953,f695d022-74e9-4f43-9578-5b5112609890.binning_data.json,f695d022-74e9-4f43-9578-5b5112609890,34.1,23,,0
23:22.9,771.141,bc6fca84-9e66-4351-af57-f37f1da45c52.achievement.json,992,6000,1.59062E+12,3.6388888,eyB2V5o7BM,530872,com.sec.android.app.shealth,com.sec.android.app.shealth,23:22.9,979,bc6fca84-9e66-4351-af57-f37f1da45c52.binning_data.json,bc6fca84-9e66-4351-af57-f37f1da45c52,34.57,13,,0
09:37.4,222.18,4ea18a20-0042-4865-8f49-cd31df4b655d.achievement.json,286,6000,1.59011E+12,2.2777777,eyB2V5o7BM,149626,com.sec.android.app.shealth,com.sec.android.app.shealth,09:37.4,255,4ea18a20-0042-4865-8f49-cd31df4b655d.binning_data.json,4ea18a20-0042-4865-8f49-cd31df4b655d,10.9,31,,0
01:46.8,1251.629,871d7293-f6b6-4583-baa8-1b016703bd5d.achievement.json,1579,6000,1.5908E+12,1.5200297,VfS0qUERdZ,823424,com.sec.android.app.shealth,com.sec.android.app.shealth,51:08.7,1548,871d7293-f6b6-4583-baa8-1b016703bd5d.binning_data.json,871d7293-f6b6-4583-baa8-1b016703bd5d,56.62623,31,871d7293-f6b6-4583-baa8-1b016703bd5d.source_info.json,0
26:59.6,60.47369,0166b241-5b72-4cd8-a8e2-93d7924ac9c9.achievement.json,74,6000,1.59132E+12,1.8158284,7n2EPhZRXI,34878,com.sec.android.app.shealth,com.sec.android.app.shealth,26:59.6,74,0166b241-5b72-4cd8-a8e2-93d7924ac9c9.binning_data.json,0166b241-5b72-4cd8-a8e2-93d7924ac9c9,2.6152012,0,,0
51:08.8,1027.422,72a04a83-beea-4f49-aaf7-def252051a56.achievement.json,1313,6000,1.59088E+12,6.888889,eyB2V5o7BM,715391,com.sec.android.app.shealth,com.sec.android.app.shealth,51:08.8,1303,72a04a83-beea-4f49-aaf7-def252051a56.binning_data.json,72a04a83-beea-4f49-aaf7-def252051a56,45.05,10,,0
09:37.7,407.739,014730b0-e486-4142-a76e-509afe605477.achievement.json,532,6000,1.59045E+12,2.8316457,eyB2V5o7BM,300565,com.sec.android.app.shealth,com.sec.android.app.shealth,09:37.7,519,014730b0-e486-4142-a76e-509afe605477.binning_data.json,014730b0-e486-4142-a76e-509afe605477,19.21,13,,0
28:15.8,973.33,62d099ce-f3f0-4999-87a7-45abbda3a14d.achievement.json,1249,6000,1.59218E+12,2.7664871,eyB2V5o7BM,664005,com.sec.android.app.shealth,com.sec.android.app.shealth,28:15.8,1208,62d099ce-f3f0-4999-87a7-45abbda3a14d.binning_data.json,62d099ce-f3f0-4999-87a7-45abbda3a14d,43.74,41,,0
43:47.9,565.961,7e1bfa31-6029-4579-8474-3cc3b335328b.achievement.json,742,6000,1.59054E+12,2.9444442,eyB2V5o7BM,419001,com.sec.android.app.shealth,com.sec.android.app.shealth,23:22.9,734,7e1bfa31-6029-4579-8474-3cc3b335328b.binning_data.json,7e1bfa31-6029-4579-8474-3cc3b335328b,26.62,8,,0
29:44.8,247.39017,dc96bd64-0c77-4db6-99d5-15e89ebd4dc3.achievement.json,302,6000,1.59157E+12,2.92331,7n2EPhZRXI,169520,com.sec.android.app.shealth,com.sec.android.app.shealth,29:44.8,300,dc96bd64-0c77-4db6-99d5-15e89ebd4dc3.binning_data.json,dc96bd64-0c77-4db6-99d5-15e89ebd4dc3,10.775725,2,,0
33:57.3,1446.959,b293626e-dcfe-4242-b1a0-4a6904125d18.achievement.json,1865,6000,1.59097E+12,3.0170841,eyB2V5o7BM,1004070,com.sec.android.app.shealth,com.sec.android.app.shealth,33:57.3,1807,b293626e-dcfe-4242-b1a0-4a6904125d18.binning_data.json,b293626e-dcfe-4242-b1a0-4a6904125d18,66.81,58,,0
33:57.5,793.2157,e56463a6-2c2a-42df-9043-4702dbecc602.achievement.json,1023,6000,1.59132E+12,1.4326627,VfS0qUERdZ,553665,com.sec.android.app.shealth,com.sec.android.app.shealth,27:28.7,1000,e56463a6-2c2a-42df-9043-4702dbecc602.binning_data.json,e56463a6-2c2a-42df-9043-4702dbecc602,35.665203,23,e56463a6-2c2a-42df-9043-4702dbecc602.source_info.json,0
01:34.6,42.97901,87a483b6-6cc7-4a5d-b613-9d2546e97fa5.achievement.json,56,6000,1.59071E+12,1.661242,7n2EPhZRXI,35141,com.sec.android.app.shealth,com.sec.android.app.shealth,01:34.6,56,87a483b6-6cc7-4a5d-b613-9d2546e97fa5.binning_data.json,87a483b6-6cc7-4a5d-b613-9d2546e97fa5,1.879366,0,,0
09:38.5,346.4899,5d23ca39-106e-4b18-a0fa-3eda3674b4e4.achievement.json,431,6000,1.59201E+12,1.5830717,VfS0qUERdZ,218871,com.sec.android.app.shealth,com.sec.android.app.shealth,49:08.3,430,5d23ca39-106e-4b18-a0fa-3eda3674b4e4.binning_data.json,5d23ca39-106e-4b18-a0fa-3eda3674b4e4,14.755026,1,5d23ca39-106e-4b18-a0fa-3eda3674b4e4.source_info.json,0
27:12.4,1709.8203,054e167f-7a74-47d5-884d-04e6022dbe28.achievement.json,2191,6000,1.59149E+12,1.4490288,VfS0qUERdZ,1179976,com.sec.android.app.shealth,com.sec.android.app.shealth,10:04.8,2141,054e167f-7a74-47d5-884d-04e6022dbe28.binning_data.json,054e167f-7a74-47d5-884d-04e6022dbe28,76.254105,50,054e167f-7a74-47d5-884d-04e6022dbe28.source_info.json,0
55:04.4,1026.6287,2072eef6-050a-4759-919a-d145fbb515c8.achievement.json,1337,6000,1.59244E+12,1.4050086,VfS0qUERdZ,730692,com.sec.android.app.shealth,com.sec.android.app.shealth,12:24.6,1323,2072eef6-050a-4759-919a-d145fbb515c8.binning_data.json,2072eef6-050a-4759-919a-d145fbb515c8,47.375122,14,2072eef6-050a-4759-919a-d145fbb515c8.source_info.json,0
33:57.3,1581.429,fd0ed6cc-79a9-434c-b4d0-6fe920a3b8a9.achievement.json,2077,6000,1.59106E+12,2.9166667,eyB2V5o7BM,1175934,com.sec.android.app.shealth,com.sec.android.app.shealth,33:57.3,2061,fd0ed6cc-79a9-434c-b4d0-6fe920a3b8a9.binning_data.json,fd0ed6cc-79a9-434c-b4d0-6fe920a3b8a9,71.24,16,,0
24:42.3,196.01791,1470d9b7-562e-465b-9018-77c7df91e071.achievement.json,234,6000,1.59201E+12,3.375263,7n2EPhZRXI,111799,com.sec.android.app.shealth,com.sec.android.app.shealth,24:42.3,233,1470d9b7-562e-465b-9018-77c7df91e071.binning_data.json,1470d9b7-562e-465b-9018-77c7df91e071,8.575026,1,,0
30:00.7,258.019,676064d3-d010-4bb0-9a2f-bbd59cc7a2af.achievement.json,343,6000,1.59166E+12,1.2289153,VfS0qUERdZ,209956,com.sec.android.app.shealth,com.sec.android.app.shealth,30:00.7,342,676064d3-d010-4bb0-9a2f-bbd59cc7a2af.binning_data.json,676064d3-d010-4bb0-9a2f-bbd59cc7a2af,11.859,1,676064d3-d010-4bb0-9a2f-bbd59cc7a2af.source_info.json,0
33:57.6,390.931,ac53ff2a-1550-4412-a995-c95757f0e147.achievement.json,488,6000,1.59114E+12,1.4990162,VfS0qUERdZ,260791,com.sec.android.app.shealth,com.sec.android.app.shealth,33:57.6,463,ac53ff2a-1550-4412-a995-c95757f0e147.binning_data.json,ac53ff2a-1550-4412-a995-c95757f0e147,18.82,25,ac53ff2a-1550-4412-a995-c95757f0e147.source_info.json,0
33:57.6,1181.697,3a49879d-08bd-4cee-b63b-c50c47e2db9d.achievement.json,1537,6000,1.59123E+12,1.4094182,VfS0qUERdZ,838428,com.sec.android.app.shealth,com.sec.android.app.shealth,33:57.6,1512,3a49879d-08bd-4cee-b63b-c50c47e2db9d.binning_data.json,3a49879d-08bd-4cee-b63b-c50c47e2db9d,52.02,25,3a49879d-08bd-4cee-b63b-c50c47e2db9d.source_info.json,0
28:15.8,1419.368,780b8cce-21c6-4e38-a810-d67a73388272.achievement.json,1847,6000,1.59209E+12,3.4444444,eyB2V5o7BM,977436,com.sec.android.app.shealth,com.sec.android.app.shealth,28:15.8,1818,780b8cce-21c6-4e38-a810-d67a73388272.binning_data.json,780b8cce-21c6-4e38-a810-d67a73388272,64.26,29,,0
27:28.8,1695.574,4dfa4752-cbaa-4b2c-bf21-906ba6883087.achievement.json,2173,6000,1.59149E+12,5.8333335,eyB2V5o7BM,1170956,com.sec.android.app.shealth,com.sec.android.app.shealth,44:52.3,2123,4dfa4752-cbaa-4b2c-bf21-906ba6883087.binning_data.json,4dfa4752-cbaa-4b2c-bf21-906ba6883087,75.66,50,,0
55:04.9,998.906,56d756ed-bce2-40e4-a6ca-dfda68a76a33.achievement.json,1306,6000,1.59244E+12,2.5555558,eyB2V5o7BM,719870,com.sec.android.app.shealth,com.sec.android.app.shealth,12:25.1,1292,56d756ed-bce2-40e4-a6ca-dfda68a76a33.binning_data.json,56d756ed-bce2-40e4-a6ca-dfda68a76a33,45.99,14,,0
09:38.6,1721.507,fe9feea5-203e-4bf4-a156-e91569cf8045.achievement.json,2237,6000,1.59192E+12,1.4098945,VfS0qUERdZ,1221018,com.sec.android.app.shealth,com.sec.android.app.shealth,09:38.6,2194,fe9feea5-203e-4bf4-a156-e91569cf8045.binning_data.json,fe9feea5-203e-4bf4-a156-e91569cf8045,77.6,43,fe9feea5-203e-4bf4-a156-e91569cf8045.source_info.json,0
30:00.6,20.819689,15876844-d3b2-4c1f-b91d-6c1a69e89114.achievement.json,26,6000,1.59149E+12,1.7740245,7n2EPhZRXI,12674,com.sec.android.app.shealth,com.sec.android.app.shealth,30:00.6,26,15876844-d3b2-4c1f-b91d-6c1a69e89114.binning_data.json,15876844-d3b2-4c1f-b91d-6c1a69e89114,0.8541689,0,,0
06:08.3,695.151,358cb87d-c046-459f-a66d-ae5f20c0bb71.achievement.json,905,6000,1.59261E+12,1.3843158,VfS0qUERdZ,502162,com.sec.android.app.shealth,com.sec.android.app.shealth,06:08.3,890,358cb87d-c046-459f-a66d-ae5f20c0bb71.binning_data.json,358cb87d-c046-459f-a66d-ae5f20c0bb71,30.42,15,358cb87d-c046-459f-a66d-ae5f20c0bb71.source_info.json,0
30:00.9,258.019,459c92ae-e11a-42c6-a8ff-9b255e9e4b6c.achievement.json,343,6000,1.59166E+12,1.7222222,eyB2V5o7BM,209949,com.sec.android.app.shealth,com.sec.android.app.shealth,30:00.9,342,459c92ae-e11a-42c6-a8ff-9b255e9e4b6c.binning_data.json,459c92ae-e11a-42c6-a8ff-9b255e9e4b6c,11.859,1,,0
06:10.1,695.151,e1ff641b-9314-4f9e-a152-5d7143fbdb35.achievement.json,905,6000,1.59261E+12,3.3611112,eyB2V5o7BM,502144,com.sec.android.app.shealth,com.sec.android.app.shealth,06:10.1,890,e1ff641b-9314-4f9e-a152-5d7143fbdb35.binning_data.json,e1ff641b-9314-4f9e-a152-5d7143fbdb35,30.42,15,,0
26:39.8,1905.7053,e1ad75da-cafb-4426-9c88-ea8a4615fc4d.achievement.json,2481,6000,1.59227E+12,1.3783356,VfS0qUERdZ,1382613,com.sec.android.app.shealth,com.sec.android.app.shealth,52:51.2,2437,e1ad75da-cafb-4426-9c88-ea8a4615fc4d.binning_data.json,e1ad75da-cafb-4426-9c88-ea8a4615fc4d,85.6686,44,e1ad75da-cafb-4426-9c88-ea8a4615fc4d.source_info.json,0
09:38.6,1007.05,0699e1ad-01aa-406d-86ca-cd4144cee8f4.achievement.json,1307,6000,1.59183E+12,1.3811792,VfS0qUERdZ,729123,com.sec.android.app.shealth,com.sec.android.app.shealth,09:38.6,1272,0699e1ad-01aa-406d-86ca-cd4144cee8f4.binning_data.json,0699e1ad-01aa-406d-86ca-cd4144cee8f4,46.08,35,0699e1ad-01aa-406d-86ca-cd4144cee8f4.source_info.json,0
52:34.4,61.916363,7a583360-a3bc-4781-bcca-789803af6d49.achievement.json,70,6000,1.59227E+12,2.6803648,7n2EPhZRXI,31805,com.sec.android.app.shealth,com.sec.android.app.shealth,52:34.4,60,7a583360-a3bc-4781-bcca-789803af6d49.binning_data.json,7a583360-a3bc-4781-bcca-789803af6d49,2.988599,10,,0
28:15.1,973.33,9f8bf6d4-f289-4e9f-9df4-b44f1372c074.achievement.json,1249,6000,1.59218E+12,1.465796,VfS0qUERdZ,664028,com.sec.android.app.shealth,com.sec.android.app.shealth,28:15.1,1208,9f8bf6d4-f289-4e9f-9df4-b44f1372c074.binning_data.json,9f8bf6d4-f289-4e9f-9df4-b44f1372c074,43.74,41,9f8bf6d4-f289-4e9f-9df4-b44f1372c074.source_info.json,0
56:55.6,1175.4277,997fee87-30c6-4401-828e-a5c67bd83bc2.achievement.json,1473,6000,1.59175E+12,1.5079994,VfS0qUERdZ,779461,com.sec.android.app.shealth,com.sec.android.app.shealth,09:38.6,1438,997fee87-30c6-4401-828e-a5c67bd83bc2.binning_data.json,997fee87-30c6-4401-828e-a5c67bd83bc2,53.542496,35,997fee87-30c6-4401-828e-a5c67bd83bc2.source_info.json,0
12:00.4,45.622704,3297ae6b-f809-429a-b7be-f8146faecbc1.achievement.json,54,6000,1.59244E+12,2.7455676,7n2EPhZRXI,22947,com.sec.android.app.shealth,com.sec.android.app.shealth,12:00.4,54,3297ae6b-f809-429a-b7be-f8146faecbc1.binning_data.json,3297ae6b-f809-429a-b7be-f8146faecbc1,2.0851226,0,,0
52:51.0,2638.519,c82e1778-10d8-4787-8ece-ddaf098c99e5.achievement.json,3393,6000,1.59235E+12,1.4532231,VfS0qUERdZ,1815632,com.sec.android.app.shealth,com.sec.android.app.shealth,55:04.7,3316,c82e1778-10d8-4787-8ece-ddaf098c99e5.binning_data.json,c82e1778-10d8-4787-8ece-ddaf098c99e5,121.05545,77,c82e1778-10d8-4787-8ece-ddaf098c99e5.source_info.json,0
09:38.7,1007.05,a4a9a497-2062-4df0-97b5-5212724be6c7.achievement.json,1307,6000,1.59183E+12,3.0555556,eyB2V5o7BM,729094,com.sec.android.app.shealth,com.sec.android.app.shealth,09:38.7,1272,a4a9a497-2062-4df0-97b5-5212724be6c7.binning_data.json,a4a9a497-2062-4df0-97b5-5212724be6c7,46.08,35,,0
12:24.3,1985.68,7ab2fe58-fd58-4284-bd27-c09f18a47b1d.achievement.json,2527,6000,1.59252E+12,1.4732325,VfS0qUERdZ,1347838,com.sec.android.app.shealth,com.sec.android.app.shealth,06:09.7,2473,7ab2fe58-fd58-4284-bd27-c09f18a47b1d.binning_data.json,7ab2fe58-fd58-4284-bd27-c09f18a47b1d,88.41417,54,7ab2fe58-fd58-4284-bd27-c09f18a47b1d.source_info.json,0
28:15.1,1419.368,f55e48c6-966b-4477-80e3-5ceac100fc37.achievement.json,1847,6000,1.59209E+12,1.4520826,VfS0qUERdZ,977470,com.sec.android.app.shealth,com.sec.android.app.shealth,28:15.1,1818,f55e48c6-966b-4477-80e3-5ceac100fc37.binning_data.json,f55e48c6-966b-4477-80e3-5ceac100fc37,64.26,29,f55e48c6-966b-4477-80e3-5ceac100fc37.source_info.json,0
52:51.4,2447.844,40b3f87c-602c-42c1-bd8f-8df2633d7c09.achievement.json,3154,6000,1.59235E+12,2.8333333,eyB2V5o7BM,1696830,com.sec.android.app.shealth,com.sec.android.app.shealth,55:05.0,3077,40b3f87c-602c-42c1-bd8f-8df2633d7c09.binning_data.json,40b3f87c-602c-42c1-bd8f-8df2633d7c09,113.17,77,,0
12:25.2,1731.139,3f6040ee-9fa3-4de2-8124-9d5e1adaa125.achievement.json,2217,6000,1.59252E+12,3.9444444,eyB2V5o7BM,1189758,com.sec.android.app.shealth,com.sec.android.app.shealth,06:10.1,2165,3f6040ee-9fa3-4de2-8124-9d5e1adaa125.binning_data.json,3f6040ee-9fa3-4de2-8124-9d5e1adaa125,77.97,52,,0
